<?xml version="1.0" encoding="UTF-8" ?>
<!DOCTYPE mapper
PUBLIC "-//mybatis.org//DTD Mapper 3.0//EN"
"http://mybatis.org/dtd/mybatis-3-mapper.dtd">
<mapper namespace="v">
	
	<!-- 방명록 전체조회 -->
	<select id="visit_list" resultType="vo.VisitVO">
		select * from visit order by idx desc
	</select>
	
	<!-- 방명록 새 글 추가하기(값을 넣을때 순서대로 꼭 넣어야 함!!) -->
	<insert id="visit_insert" parameterType="visit">
		insert into visit values(
			seq_visit_idx.nextVal,
			#{name},
			#{content},
			#{pwd},
			#{ip},
			sysdate,
			#{filename}
		)
	</insert>
	
	<!-- 방명록 게시글 삭제 -->
	<delete id="visit_delete" parameterType="java.util.HashMap">
		delete from visit where idx= #{idx} and pwd= #{pwd}
	</delete>
	
	<!-- 게시글 수정을 위한 한 건 조회 -->
	<select id="visit_one" resultType="visit" parameterType="int">
		select * from visit where idx= #{idx}
	</select>
	
	<!-- 게시글 수정 -->
	<update id="visit_update" parameterType="visit">
		update visit set
		content = #{content},
		pwd = #{pwd},
		ip = #{ip},
		regdate = sysdate
		where idx = #{idx}
	</update>


</mapper>












